"Serial_No","Sample","Gene_Symbol","Gene_ID","Transcript_ID","Amino_Acid_Change","HLA_allele","Norm_peptide","Mut_peptide","Norm_MHCrank_EL","Mut_MHCrank_EL","Chr","Genomic_Position","Protein_position","Mutation_Consequence","Allele_Frequency","Mismatches"
1,"WD06","C1orf186","ENSG00000263961","ENST00000331555,ENST00000582070,ENST00000603378,ENST00000603488","S/F","HLA-A24:02","........S","WYFVNPALF",7.2642,0.0198,"1","206101918","162162114162","M","-",1
2,"WD06","OR51B2","ENSG00000279012","ENST00000624187","S/F","HLA-A24:02","........S","QYGIIRLLF",7.5499,0.0316,"11","5323381","306","M","-",1
3,"WD06","CNBD1","ENSG00000176571","ENST00000518476,ENST00000620844","S/F","HLA-A24:02","........S","IWSEEFKNF",9.5501,0.0417,"8","87237072","244100","M","-",1
4,"WD06","PIEZO2","ENSG00000154864","ENST00000302079,ENST00000383408,ENST00000503781,ENST00000580640,ENST00000582913","R/W","HLA-A02:01","..R......","GLWKSSPLL",2.0226,0.0627,"18","10762532","1048999104810731008","M","-",1
5,"WD06","DRC1","ENSG00000157856","ENST00000288710","G/V","HLA-A02:01","........G","KILEAFVMV",11.6109,0.0767,"2","26453534","635","M","-",1
6,"WD06","WHAMM","ENSG00000156232","ENST00000286760","H/Y","HLA-A24:02",".H.......","PYASINEHI",3.8361,0.0897,"15","82833312","736","M","-",1
7,"WD06","KIAA1549L","ENSG00000110427","ENST00000265654,ENST00000321505,ENST00000526400","T/M","HLA-A24:02","........T","MYARTGHTM",3.8282,0.1307,"11","33545049","728722120","M","-",1
8,"WD06","PTPN4","ENSG00000088179","ENST00000263708,ENST00000431283","D/Y","HLA-A24:02",".D.......","YYQKMPVIV",15.976,0.1334,"2","119946527","537163","M","-",1
9,"WD06","PLK4","ENSG00000142731","ENST00000270861,ENST00000507249,ENST00000513090,ENST00000514379,ENST00000515069","C/Y","HLA-A24:02",".C.......","QYLSSILLM",20.7739,0.1415,"4","127898489","954893922913876","M","-",1
10,"WD06","ATXN2L","ENSG00000168488","ENST00000325215,ENST00000336783,ENST00000340394,ENST00000382686,ENST00000395547,ENST00000564304,ENST00000570200","D/Y","HLA-A24:02",".D.......","LYPFPPRIL",11.4784,0.1464,"16","28833092","5.65565565565566e+20","M","-",1
11,"WD06","OR4D2","ENSG00000255713","ENST00000545221","P/S","HLA-A02:01",".P.......","FSMDKLVSI",2.3391,0.1516,"17","58170451","266","M","-",1
12,"WD06","UBR4","ENSG00000127481","ENST00000375224,ENST00000375254","T/I","HLA-A24:02","........T","RYNLDDYRI",6.6729,0.1617,"1","19101563","344327","M","-",1
13,"WD06","PCDHGB3","ENSG00000262209","ENST00000576222,ENST00000618934","S/F","HLA-A24:02","........S","YLSPDPHFF",17.3207,0.1828,"5","141370930","179179","M","-",1
14,"WD06","RPS6KA5","ENSG00000100784","ENST00000418736,ENST00000536315,ENST00000554206,ENST00000614987","T/I","HLA-A02:01","........T","YINGGELFI",2.8827,0.2101,"14","90947523","14162141141","M","-",1
15,"WD06","SNX13","ENSG00000071189","ENST00000428135,ENST00000611725","-/X","HLA-A24:02","..G.N...R","SFIKSSERW",16.433,0.214,"7","17845625-17845626","378378","F","-",3
16,"WD06","SLC17A8","ENSG00000179520","ENST00000323346,ENST00000392989","T/I","HLA-A24:02","........T","VFGAAIFLI",5.0871,0.2267,"12","100393395","167167","M","-",1
17,"WD06","MUC17","ENSG00000169876","ENST00000306151,ENST00000379439","P/L","HLA-A02:01",".P.......","TLVDSKTQV",22.7453,0.2551,"7","101032843","476476","M","-",1
18,"WD06","FKBP5","ENSG00000096060","ENST00000357266,ENST00000536438,ENST00000539068","C/F","HLA-A24:02","........C","EYTKAVECF",13.8536,0.2615,"6","35580043","340340340","M","-",1
19,"WD06","HJURP","ENSG00000123485","ENST00000411486,ENST00000414924,ENST00000432087,ENST00000441687","C/F","HLA-A24:02","........C","KLPSSPLGF",12.4178,0.2639,"2","233840843","646561592561","M","-",1
20,"WD06","CCDC73","ENSG00000186714","ENST00000335185","R/W","HLA-A02:01","......R..","KLEQNVWEA",3.9909,0.276,"11","32675642","190","M","-",1
21,"WD06","ZNF333","ENSG00000160961","ENST00000292530,ENST00000540689","D/Y","HLA-A02:01","D........","YTFTEILSI",5.3487,0.2832,"19","14717695","288288","M","-",1
22,"WD06","OOSP2","ENSG00000149507","ENST00000278855,ENST00000532905","R/L","HLA-A24:02","........R","VYEFIYLVL",5.8408,0.2909,"11","60043625","7443","M","-",1
23,"WD06","FERMT1","ENSG00000101311","ENST00000217289,ENST00000536936","S/F","HLA-A24:02","........S","YHISKLSLF",22.6974,0.2916,"20","6097008","32871","M","-",1
24,"WD06","SMARCC2","ENSG00000139613","ENST00000267064,ENST00000347471,ENST00000394023,ENST00000550164,ENST00000550519,ENST00000552674","T/I","HLA-A24:02","........T","KYIQAEPPI",9.6063,0.2968,"12","56187284","454545454545","M","-",1
25,"WD06","IRS4","ENSG00000133124","ENST00000372129","P/L","HLA-A02:01","........P","MMFPRVSPL",5.6535,0.306,"X","108734087","753","M","-",1
26,"WD06","OR4D10","ENSG00000254466","ENST00000530162","S/F","HLA-A24:02",".S.......","IFLLLPLPF",2.7734,0.32,"11","59477911","161","M","-",1
27,"WD06","RFPL1","ENSG00000128250","ENST00000354373","C/Y","HLA-A24:02",".C.......","TYGRHYWEV",26.1628,0.3236,"22","29441698","177","M","-",1
28,"WD06","ACKR3","ENSG00000144476","ENST00000272928","P/L","HLA-A02:01",".P.......","LLYHVAVLL",12.6796,0.3276,"2","236581265","267","M","-",1
29,"WD06","ST3GAL1","ENSG00000008513","ENST00000399640,ENST00000517668,ENST00000521180,ENST00000522652,ENST00000523854","R/M","HLA-A02:01",".R.......","LMMNKAPTA",17.1889,0.359,"8","133465894","1683816816838","M","-",1
30,"WD06","PCDHB7","ENSG00000113212","ENST00000231137","MS/I","HLA-A02:01","MS.......","GIWAGAEPL",3.2677,0.4203,"5","141172904-141172906","23","D","-",2
31,"WD06","PCDHA12","ENSG00000251664","ENST00000398631,ENST00000613593","S/F","HLA-A24:02",".S.......","IFYGIKMIL",3.6844,0.4301,"5","140876305","278278","M","-",1
32,"WD06","ADAM22","ENSG00000008277","ENST00000439864","S/L","HLA-A02:01",".S.......","FLYVTSVMM",7.1905,0.4538,"7","88131435","331","M","-",1
33,"WD06","GALNT6","ENSG00000139629","ENST00000356317,ENST00000543196,ENST00000603641","T/I","HLA-A02:01","........T","TVYSVLHTI",2.0866,0.4802,"12","51377248","204204204","M","-",1
34,"WD13","TRIM14","ENSG00000106785","ENST00000341469,ENST00000342043,ENST00000375098","C/Y","HLA-A24:02",".C.......","LYHPVPLSF",3.0932,0.0046,"9","98094974","198198198","M","-",1
35,"WD13","OR5D18","ENSG00000186119","ENST00000333976","S/F","HLA-A24:02","........S","SYAWGVSCF",11.8193,0.0494,"11","55820099","157","M","-",1
36,"WD13","MLLT6","ENSG00000275023","ENST00000620609","C/Y","HLA-A02:01","C........","YLPDTPICL",2.2018,0.0903,"17","38713008","292","M","-",1
37,"WD13","GOLGA4","ENSG00000144674","ENST00000356847,ENST00000361924,ENST00000437131","E/K","HLA-A02:01","E........","KMDEQIKTI",2.3733,0.1049,"3","37315491","458436307","M","-",1
38,"WD13","EBF2","ENSG00000221818","ENST00000408929,ENST00000520164","P/L","HLA-A02:01","........P","RLDPSEATL",5.5451,0.1072,"8","25887966","105253","M","-",1
39,"WD13","HTR1E","ENSG00000168830","ENST00000305344","E/K","HLA-A02:01","E........","KVADFLTWL",2.3472,0.1248,"6","87016304","324","M","-",1
40,"WD13","OR8U1","ENSG00000172199","ENST00000302270","K/X","HLA-A24:02",".D..A.P..","LYPLMHVLL",5.3451,0.1363,"11","56375861","80","F","-",3
41,"WD13","PSEN2","ENSG00000143801","ENST00000366782,ENST00000626989","C/F","HLA-A24:02","........C","FFPAQKPAF",8.8337,0.1508,"1","226880713","2323","M","-",1
42,"WD13","IPO4","ENSG00000196497","ENST00000561034","R/W","HLA-A24:02","........R","FFGPPPLCW",6.9861,0.1652,"14","24188592","43","M","-",1
43,"WD13","PRKD1","ENSG00000184304","ENST00000331968,ENST00000415220,ENST00000490795,ENST00000616995","R/L","HLA-A02:01",".R.......","NLSLDMWSV",12.7647,0.1657,"14","29597640","76277010762","M","-",1
44,"WD13","MYH14","ENSG00000105357","ENST00000376970,ENST00000425460,ENST00000596571,ENST00000598205,ENST00000599920,ENST00000601313","R/Q","HLA-A02:01",".R.......","FQAGVLAQL",5.0063,0.2115,"19","50261536","788796788796796800","M","-",1
45,"WD13","NPAS2","ENSG00000170485","ENST00000335681,ENST00000450763","P/L","HLA-A02:01",".P.......","LLVPGLSQA",17.6407,0.2142,"2","100975533","45352","M","-",1
46,"WD13","LIMK2","ENSG00000182541","ENST00000331728","T/I","HLA-A24:02","........T","IWYRTVNEI",7.2423,0.2321,"22","31225798","32","M","-",1
47,"WD13","FSD1L","ENSG00000106701","ENST00000374710,ENST00000394926,ENST00000469022,ENST00000481272,ENST00000484973,ENST00000495708","S/L","HLA-A02:01",".S.......","NLSNILSEL",10.2834,0.2562,"9","105468200","404040724072","M","-",1
48,"WD13","PPP1R16B","ENSG00000101445","ENST00000299824,ENST00000373331","V/L","HLA-A02:01",".V.......","RLAPEQQMI",2.6027,0.2645,"20","38902700","202202","M","-",1
49,"WD13","PPFIA3","ENSG00000177380","ENST00000334186,ENST00000602351,ENST00000602848,ENST00000602897","S/L","HLA-A24:02","........S","QYRSYFMEL",10.9353,0.2811,"19","49148177","9779686026","M","-",1
50,"WD13","DNAH2","ENSG00000183914","ENST00000389173,ENST00000570791,ENST00000572933","H/Q","HLA-A02:01",".H.......","KQVESILHL",8.7578,0.3439,"17","7734636","302302302","M","-",1
51,"WD13","ASB10","ENSG00000146926","ENST00000275838,ENST00000377867,ENST00000420175","P/L","HLA-A02:01",".P.......","TLLHVAARL",21.4885,0.3753,"7","151181390","218203218","M","-",1
52,"WD13","DACH1","ENSG00000276644","ENST00000619232","P/L","HLA-A02:01","P........","LLSHPLNHL",4.6679,0.3821,"13","71573468","411","M","-",1
53,"WD13","ZNF331","ENSG00000130844","ENST00000253144,ENST00000411977,ENST00000449416,ENST00000511154,ENST00000511593,ENST00000512387,ENST00000513999","C/Y","HLA-A24:02",".C.......","EYGKAFTRV",38.8333,0.3966,"19","53577471","3.04304304304304e+20","M","-",1
54,"WD13","KRTAP19","ENSG00000244025","ENST00000334063","C/Y","HLA-A24:02","........C","YYGGLGYGY",2.7907,0.4163,"21","30491914","15","M","-",1
55,"WD13","TG","ENSG00000042832","ENST00000220616","L/F","HLA-A24:02",".L.......","QFHLDSKTF",2.9388,0.4483,"8","132913115","1410","M","-",1
56,"WD13","CLEC7A","ENSG00000172243","ENST00000298523,ENST00000304084,ENST00000353231,ENST00000396484,ENST00000529761,ENST00000531192,ENST00000533022","S/F","HLA-A24:02","........S","YLFSMSLNF",25.7347,0.4596,"12","10125370","941409461140140032","M","-",1
57,"WD13","NOD2","ENSG00000167207","ENST00000300589","F/L","HLA-A02:01",".F.......","GLIWLIRSL",7.7211,0.4771,"16","50712126","739","M","-",1
58,"WD13","MAST2","ENSG00000086015","ENST00000361297","P/L","HLA-A02:01",".P.......","FLSRDPRSL",23.022,0.4971,"1","46035312","1548","M","-",1
59,"WD14","ZNF780A","ENSG00000197782","ENST00000340963,ENST00000450241,ENST00000455521,ENST00000594395,ENST00000595687","H/Y","HLA-A24:02",".H.......","QYQSIHAGI",4.5896,0.2327,"19","40075223","407373408408407","M","-",1
60,"WD14","DPPA5","ENSG00000203909","ENST00000370370","A/V","HLA-A24:02","........A","PYIEQVSKV",3.4932,0.2375,"6","73353987","53","M","-",1
61,"WD14","NBAS","ENSG00000151779","ENST00000281513,ENST00000442506","T/I","HLA-A24:02","........T","SFAEVLLRI",6.5325,0.2988,"2","15327803","1510558","M","-",1
62,"WD14","BGLAP","ENSG00000242252","ENST00000368272","P/L","HLA-A02:01","........P","YQWLGAPVL",5.5631,0.3009,"1","156243044","62","M","-",1
63,"WD14","UBE2Q2","ENSG00000140367","ENST00000267938,ENST00000561851,ENST00000569423","C/F","HLA-A24:02","........C","YVLGGGALF",16.9955,0.3494,"15","75890461","304288269","M","-",1
64,"WD14","CAMSAP3","ENSG00000076826","ENST00000160298,ENST00000446248","P/L","HLA-A02:01","P........","LLVSAVPMA",2.8268,0.3634,"19","7615450","948975","M","-",1
65,"WD22","EPG5","ENSG00000152223","ENST00000282041","N/X","HLA-A24:02","......P.E","EYSRIVQLF",5.659,0.0098,"18","45922500","980","F","-",2
66,"WD22","MYO3A","ENSG00000095777","ENST00000265944","P/L","HLA-A02:01",".P.......","LLTDIVLLL",8.4315,0.0438,"10","26147479","852","M","-",1
67,"WD22","PPP3CB","ENSG00000107758","ENST00000342558,ENST00000360663,ENST00000394828,ENST00000394829","S/L","HLA-A02:01","........S","FLQNNNLLL",2.4797,0.0522,"10","73470920","285285285285","M","-",1
68,"WD22","C1S","ENSG00000182326","ENST00000328916,ENST00000360817,ENST00000403949,ENST00000406697,ENST00000413211,ENST00000443875,ENST00000617865","P/L","HLA-A02:01",".P.......","SLIVEEFQV",15.3716,0.0615,"12","7062957","949494949411976","M","-",1
69,"WD22","BCO2","ENSG00000197580","ENST00000357685,ENST00000361053,ENST00000438022,ENST00000526088,ENST00000531003,ENST00000531169,ENST00000532612","S/F","HLA-A24:02","........S","HFPKWLNGF",14.6989,0.0887,"11","112179437","83834949834960","M","-",1
70,"WD22","SERPINI2","ENSG00000114204","ENST00000264677,ENST00000461846,ENST00000466903,ENST00000467583,ENST00000471111,ENST00000476257,ENST00000616363","N/X","HLA-A24:02","VT......P","IFIKRFPYL",14.2285,0.1215,"3","167471758","26262626262636","F","-",3
71,"WD22","OR5K3","ENSG00000206536","ENST00000383695","V/E","HLA-A02:01","...V.....","VLFEVFFAI",2.171,0.1317,"3","98390751","29","M","-",1
72,"WD22","ELAVL4","ENSG00000162374","ENST00000371821,ENST00000371823","S/F","HLA-A24:02","........S","AYGVKRLMF",14.3844,0.1365,"1","50200817","266261","M","-",1
73,"WD22","OR1S1","ENSG00000280204","ENST00000624470","R/W","HLA-A24:02",".R.......","MWPRFGILL",2.1333,0.1381,"11","58215192","150","M","-",1
74,"WD22","RPH3A","ENSG00000089169","ENST00000547099","S/F","HLA-A24:02",".S.......","PFSVDGFSF",4.6832,0.1576,"12","112831828","52","M","-",1
75,"WD22","PXDN","ENSG00000130508","ENST00000252804","H/Y","HLA-A24:02",".H.......","QYITYQHWL",4.9856,0.1768,"2","1648698","1028","M","-",1
76,"WD22","PTPRC","ENSG00000081237","ENST00000348564,ENST00000367367,ENST00000442510,ENST00000529828,ENST00000530727","S/F","HLA-A24:02","........S","IYDLHKKRF",15.9281,0.1797,"1","198728445","448543609561495","M","-",1
77,"WD22","CNTLN","ENSG00000044459","ENST00000380647","D/Y","HLA-A24:02",".D.......","NYKEWMLYI",14.578,0.1878,"9","17487022","1359","M","-",1
78,"WD22","SCML2","ENSG00000102098","ENST00000251900,ENST00000398048,ENST00000420857","P/L","HLA-A02:01",".P.......","SLHEVKFQM",17.5444,0.2125,"X","18246615","59533111","M","-",1
79,"WD22","TPTE","ENSG00000274391","ENST00000427445,ENST00000612746,ENST00000618007,ENST00000622113","P/L","HLA-A02:01","........P","HLYNWNLPL",4.2723,0.2194,"21","10596040","372272410392","M","-",1
80,"WD22","SERPINI2","ENSG00000114204","ENST00000264677,ENST00000461846,ENST00000466903,ENST00000467583,ENST00000471111,ENST00000476257,ENST00000616363","N/X","HLA-A24:02",".QT.....K","KIPNLQWIF",22.3421,0.2322,"3","167471758","26262626262636","F","-",3
81,"WD22","FILIP1","ENSG00000118407","ENST00000237172,ENST00000370020,ENST00000393004","E/K","HLA-A02:01","E........","KLMNKEDQL",3.4354,0.2383,"6","75313635","733634733","M","-",1
82,"WD22","NRXN1","ENSG00000179915","ENST00000401669,ENST00000404971,ENST00000405472,ENST00000405581,ENST00000406316,ENST00000625672,ENST00000626899,ENST00000628515,ENST00000630543,ENST00000636066,ENST00000637511","P/L","HLA-A02:01","........P","GLFVGGLPL",4.5003,0.2637,"2","51027795","1.6016016016016e+31","M","-",1
83,"WD22","MROH7","ENSG00000184313","ENST00000409996,ENST00000421030","S/F","HLA-A24:02","........S","EYAKNSRAF",20.8696,0.2646,"1","54706508","7811213","M","-",1
84,"WD22","BIN1","ENSG00000136717","ENST00000259238,ENST00000316724,ENST00000346226,ENST00000348750,ENST00000351659,ENST00000352848,ENST00000357970,ENST00000376113,ENST00000393040,ENST00000393041,ENST00000409400","P/L","HLA-A02:01",".P.......","SLPDGSPAA",14.1682,0.2719,"2","127059117","2.83299268268299e+32","M","-",1
85,"WD22","LAMB4","ENSG00000091128","ENST00000205386,ENST00000388781,ENST00000418464","L/X","HLA-A24:02","...L....I","VIPPLVISW",2.2563,0.2903,"7","108123139","999","F","-",2
86,"WD22","ICOSLG","ENSG00000160223","ENST00000344330,ENST00000400379,ENST00000407780","R/W","HLA-A24:02","........R","LMSPAGMLW",10.1154,0.311,"21","44236996","939393","M","-",1
87,"WD22","ASXL1","ENSG00000171456","ENST00000306058,ENST00000375687,ENST00000613218,ENST00000620121","G/X","HLA-A02:01","LG...A...","AIGGGVARV",17.1963,0.3124,"20","32434639","638643643643","F","-",3
88,"WD22","DGKD","ENSG00000077044","ENST00000264057,ENST00000409813,ENST00000430834","G/W","HLA-A02:01","..G......","GTWNDLARV",2.8351,0.3134,"2","233445653","40936570","M","-",1
89,"WD22","ICOSLG","ENSG00000160223","ENST00000344330,ENST00000400379,ENST00000407780","R/W","HLA-A24:02",".R.......","LWGDFSLRL",5.6365,0.3448,"21","44236996","939393","M","-",1
90,"WD22","SLC9C2","ENSG00000162753","ENST00000367714","F/X","HLA-A02:01",".D..L...S","SIASIFLEI",36.8947,0.3576,"1","173583549","199","F","-",3
91,"WD22","TENM4","ENSG00000149256","ENST00000278550,ENST00000530738","R/W","HLA-A24:02",".R.......","LWYDIRDRI",5.67,0.3622,"11","78669633","2238702","M","-",1
92,"WD22","MYBPC2","ENSG00000086967","ENST00000357701","P/L","HLA-A02:01","P........","LLDTSRVHV",3.8701,0.3652,"19","50459154","880","M","-",1
93,"WD22","KIR2DL4","ENSG00000189013","ENST00000345540,ENST00000346587,ENST00000357494,ENST00000359085,ENST00000396284,ENST00000396293","S/F","HLA-A24:02",".S.......","MFMSPTVII",3.9979,0.3775,"19","54803656","2222412","M","-",1
94,"WD22","LAMB4","ENSG00000091128","ENST00000205386,ENST00000388781,ENST00000418464","L/X","HLA-A24:02",".S.GR....","SWWAGTRSL",6.5045,0.3834,"7","108123139","999","F","-",3
95,"WD22","MAP7D1","ENSG00000116871","ENST00000316156,ENST00000373150,ENST00000373151,ENST00000429533,ENST00000530729","A/X","HLA-A02:01",".NM......","GMPDLLEGA",9.0913,0.4232,"1","36171163","8080804141","F","-",2
96,"WD22","METTL23","ENSG00000181038","ENST00000341249,ENST00000586738,ENST00000588563,ENST00000588783,ENST00000589977,ENST00000592849,ENST00000615984","R/-","HLA-A24:02",".......RS","QYLWFHRSL",12.0805,0.4312,"17","76729762-76729764","18181818181818","D","-",2
97,"WD22","RERG","ENSG00000134533","ENST00000256953,ENST00000536465,ENST00000538313,ENST00000545567,ENST00000546331","R/Q","HLA-A02:01",".R.......","MQWGEGFVL",3.979,0.4419,"12","15109486","7575758856","M","-",1
98,"WD22","ARHGAP15","ENSG00000075884","ENST00000419455","P/A","HLA-A02:01","........P","ELDGDLWTA",7.3187,0.4551,"2","143587739","45","M","-",1
99,"WD22","SPATA31E1","ENSG00000177992","ENST00000325643","S/F","HLA-A24:02",".S.......","AFGPPEPLL",5.8279,0.4606,"9","87885152","222","M","-",1
100,"WD22","TERT","ENSG00000164362","ENST00000310581,ENST00000334602,ENST00000460137,ENST00000508104","G/A","HLA-A02:01","........G","ALLDGARGA",11.0134,0.4662,"5","1294557","110110110110","M","-",1
101,"WD22","GPR142","ENSG00000257008","ENST00000335666","I/L","HLA-A02:01",".I.......","GLTTLFTLL",2.4324,0.4735,"17","74372295","362","M","-",1
102,"WD22","MYBPC2","ENSG00000086967","ENST00000357701","P/T","HLA-A24:02",".P.......","ITPEIWELL",2.2925,0.4936,"19","50440938","211","M","-",1
103,"WD22","TACC2","ENSG00000138162","ENST00000260733,ENST00000334433,ENST00000358010,ENST00000360561,ENST00000368999,ENST00000369000,ENST00000369001,ENST00000369004,ENST00000369005,ENST00000453444,ENST00000513429,ENST00000515273,ENST00000515603,ENST00000635597","R/Q","HLA-A02:01","..R......","SLQKEQLRV",2.0681,0.4954,"10","122249615","9.89291110579591e+49","M","-",1
